vehicle_type,vehicle_name,cost,owner_name,contact_number,availability
Traveling,Van,2170,Owner_664,7416391522,Yes
Traveling,Motorbike,3493,Owner_904,9038802546,No
Traveling,Motorbike,4784,Owner_395,5355381655,Yes
Traveling,Van,3044,Owner_452,4577564052,No
Farming,Tractor,769,Owner_374,3067471492,Yes
Farming,Harvester,726,Owner_253,7968531869,No
Traveling,Van,4251,Owner_658,7527558911,Yes
Farming,Seeder,1096,Owner_65,6893446289,Yes
Traveling,Auto,3587,Owner_102,2128662369,Yes
Traveling,Car,3773,Owner_139,4999909211,Yes
Traveling,Truck,2934,Owner_983,5718480627,No
Traveling,Auto,3386,Owner_611,5663530165,Yes
Farming,Harvester,740,Owner_518,6309918355,Yes
Traveling,Truck,1997,Owner_210,6800544180,No
Farming,Tractor,1726,Owner_578,6447069231,Yes
Farming,Seeder,1092,Owner_1,5946321894,No
Traveling,Motorbike,1420,Owner_820,6593825800,Yes
Traveling,Auto,3988,Owner_557,8090403315,No
Farming,Sprayer,1993,Owner_599,5120145881,No
Farming,Seeder,1491,Owner_665,5445147206,No
Farming,Sprayer,1954,Owner_55,5573585091,No
Farming,Plow,561,Owner_828,7416797976,Yes
Traveling,Auto,4902,Owner_553,3292385987,Yes
Farming,Plow,893,Owner_882,4934179635,Yes
Farming,Tractor,961,Owner_584,7045178008,No
Farming,Harvester,555,Owner_668,7349551448,Yes
Farming,Plow,1993,Owner_919,5091672330,No
Farming,Plow,1892,Owner_125,6291042887,No
Traveling,Auto,4793,Owner_720,5402743480,Yes
Farming,Tractor,1681,Owner_404,5447749167,No
Traveling,Auto,2700,Owner_120,9165215926,No
Traveling,Truck,4600,Owner_64,6851728573,Yes
Farming,Tractor,751,Owner_432,9648364249,No
Farming,Harvester,626,Owner_68,2454962049,Yes
Traveling,Van,3128,Owner_106,3501386621,No
Farming,Seeder,1226,Owner_756,3538387773,Yes
Farming,Sprayer,1999,Owner_350,9978980963,Yes
Farming,Harvester,1040,Owner_737,3199506224,No
Farming,Seeder,730,Owner_538,3569997672,Yes
Traveling,Motorbike,2195,Owner_71,2168322057,Yes
Traveling,Car,4196,Owner_196,3375401870,Yes
Traveling,Motorbike,1177,Owner_794,1460368804,No
Farming,Harvester,751,Owner_752,4501607835,No
Traveling,Motorbike,4818,Owner_178,9586352856,No
Farming,Tractor,665,Owner_926,9008123214,No
Farming,Harvester,1140,Owner_960,5233093391,Yes
Farming,Seeder,1407,Owner_988,5388272555,No
Traveling,Truck,4455,Owner_791,3080314386,No
Traveling,Truck,4182,Owner_141,5107790113,No
Traveling,Auto,4824,Owner_790,3160180328,Yes
Traveling,Car,2059,Owner_586,4427653704,Yes
Farming,Tractor,1444,Owner_444,2137071737,Yes
Traveling,Truck,2677,Owner_781,1867604927,No
Farming,Sprayer,1728,Owner_681,2566440341,Yes
Farming,Plow,1408,Owner_530,9695247643,No
Traveling,Van,2353,Owner_627,6697316420,No
Farming,Sprayer,616,Owner_576,8129730873,Yes
Traveling,Van,2024,Owner_181,1377820424,Yes
Traveling,Truck,3572,Owner_198,8757688122,Yes
Traveling,Car,1813,Owner_846,1195558600,Yes
Traveling,Van,2784,Owner_33,5088828715,Yes
Farming,Sprayer,1459,Owner_608,2083444836,No
Traveling,Car,2499,Owner_909,8958542965,No
Farming,Tractor,1639,Owner_776,6250555777,No
Traveling,Auto,2170,Owner_155,5762636091,Yes
Traveling,Auto,1807,Owner_771,4995337522,Yes
Traveling,Van,3279,Owner_638,5050602343,No
Farming,Seeder,1488,Owner_79,9772436996,Yes
Traveling,Car,2084,Owner_371,3499379013,Yes
Farming,Plow,1249,Owner_636,7121778144,Yes
Farming,Sprayer,1867,Owner_370,6099944017,Yes
Farming,Harvester,826,Owner_963,8299223019,Yes
Farming,Harvester,1577,Owner_956,3787839709,Yes
Traveling,Auto,4770,Owner_556,4453457474,No
Farming,Tractor,998,Owner_204,3402399039,No
Traveling,Motorbike,2505,Owner_378,7659062165,No
Farming,Tractor,1293,Owner_950,6202213815,No
Traveling,Van,2541,Owner_238,6125595577,No
Farming,Plow,1544,Owner_38,1325462443,Yes
Traveling,Auto,3716,Owner_12,2415978019,No
Farming,Tractor,1270,Owner_363,5381162639,Yes
Farming,Harvester,1654,Owner_99,5453563145,Yes
Traveling,Motorbike,3577,Owner_677,9531131388,Yes
Traveling,Car,3377,Owner_53,3300750561,Yes
Traveling,Auto,1884,Owner_723,3412922772,No
Farming,Seeder,848,Owner_150,6214521889,No
Traveling,Auto,4610,Owner_240,6697088273,Yes
Farming,Sprayer,544,Owner_592,9012454977,No
Farming,Seeder,1213,Owner_98,2580509984,No
Farming,Tractor,1701,Owner_396,9284132336,No
Traveling,Truck,3376,Owner_639,9276979506,Yes
Traveling,Motorbike,4233,Owner_934,3150900627,Yes
Traveling,Van,3628,Owner_7,1591271260,No
Traveling,Motorbike,3693,Owner_803,6717875361,No
Farming,Plow,809,Owner_129,5767903420,No
Traveling,Truck,2459,Owner_321,4700782914,Yes
Farming,Seeder,1088,Owner_722,6422216588,No
Traveling,Auto,1314,Owner_612,3021833943,No
Traveling,Auto,2549,Owner_411,6360970494,Yes
Traveling,Truck,2948,Owner_201,1072524593,No
Farming,Plow,575,Owner_496,6210330689,Yes
Farming,Plow,581,Owner_14,5541279212,Yes
Traveling,Truck,2300,Owner_958,7882986659,No
Traveling,Truck,2918,Owner_991,5601290784,Yes
Traveling,Van,2963,Owner_50,4283693137,No
Farming,Seeder,1207,Owner_309,5588992576,Yes
Farming,Plow,1626,Owner_837,7940513309,Yes
Farming,Seeder,954,Owner_853,1882742015,No
Traveling,Motorbike,3615,Owner_922,9529527995,Yes
Farming,Harvester,1842,Owner_799,8114753625,No
Farming,Tractor,706,Owner_783,1359123524,Yes
Farming,Harvester,522,Owner_619,5055260799,No
Traveling,Truck,3338,Owner_58,5970468929,Yes
Traveling,Car,2676,Owner_425,8497079001,Yes
Farming,Sprayer,1696,Owner_408,9623268093,No
Farming,Plow,830,Owner_83,1554330186,Yes
Traveling,Motorbike,1533,Owner_573,5072140799,Yes
Farming,Harvester,1493,Owner_217,4609928508,No
Farming,Sprayer,1755,Owner_256,8158103897,Yes
Farming,Tractor,1141,Owner_527,5808411862,Yes
Farming,Harvester,595,Owner_195,9261515251,Yes
Farming,Tractor,882,Owner_528,2758193729,Yes
Farming,Plow,1868,Owner_177,7358931987,Yes
Traveling,Car,4979,Owner_642,2607208236,Yes
Traveling,Car,4486,Owner_725,6297859924,Yes
Farming,Seeder,1393,Owner_689,1474776045,Yes
Traveling,Van,4861,Owner_765,4061419560,No
Traveling,Van,1288,Owner_896,3877556968,Yes
Traveling,Car,1656,Owner_228,8773184968,Yes
Traveling,Auto,2413,Owner_352,3666077376,Yes
Farming,Sprayer,1939,Owner_727,6699147231,Yes
Farming,Plow,1055,Owner_307,3560985925,Yes
Traveling,Motorbike,3923,Owner_551,5292695523,No
Farming,Sprayer,943,Owner_389,6761600210,Yes
Traveling,Truck,1513,Owner_748,7937988028,Yes
Farming,Plow,1802,Owner_861,2075046677,Yes
Farming,Plow,1044,Owner_924,8936730280,No
Farming,Sprayer,1231,Owner_854,6112946885,Yes
Traveling,Motorbike,1818,Owner_842,9016018420,No
Traveling,Auto,4600,Owner_277,3490344442,Yes
Farming,Plow,922,Owner_173,3978424404,No
Farming,Seeder,1619,Owner_738,9070181039,Yes
Traveling,Van,1938,Owner_931,4021481417,No
Traveling,Car,3846,Owner_245,1827635464,Yes
Farming,Plow,1261,Owner_836,6879973523,No
Farming,Tractor,1634,Owner_982,7560976368,Yes
Traveling,Car,4233,Owner_786,7702623327,No
Traveling,Motorbike,2293,Owner_380,7622265480,Yes
Farming,Tractor,1361,Owner_223,6746863459,No
Traveling,Van,2560,Owner_517,5538224211,Yes
Farming,Seeder,1173,Owner_21,5056568989,Yes
Traveling,Truck,1183,Owner_206,2165299226,No
Farming,Tractor,1860,Owner_409,2112177270,Yes
Traveling,Truck,3040,Owner_261,3329789525,No
Farming,Harvester,1227,Owner_51,3558250362,No
Farming,Sprayer,526,Owner_540,4186991042,Yes
Farming,Seeder,1351,Owner_706,3987190945,Yes
Farming,Tractor,1731,Owner_654,3796118121,Yes
Farming,Harvester,686,Owner_333,8340105989,Yes
Traveling,Van,2700,Owner_841,3303883236,Yes
Traveling,Motorbike,4961,Owner_510,2999024013,No
Farming,Sprayer,1985,Owner_873,4193612122,Yes
Traveling,Car,4296,Owner_269,2536646727,Yes
Traveling,Auto,2095,Owner_806,7785453597,Yes
Traveling,Auto,3006,Owner_244,9029988901,No
Farming,Plow,642,Owner_932,5898774455,Yes
Farming,Harvester,970,Owner_214,8267136981,No
Farming,Harvester,1274,Owner_694,9708045575,No
Traveling,Van,2064,Owner_19,6784940198,No
Traveling,Van,4992,Owner_688,1280726211,No
Farming,Tractor,1640,Owner_119,3060883319,No
Traveling,Auto,3144,Owner_237,1265128501,Yes
Farming,Tractor,1415,Owner_170,9681617705,No
Farming,Harvester,1940,Owner_675,7500863244,Yes
Farming,Harvester,1381,Owner_547,8092074811,No
Farming,Harvester,1339,Owner_555,6287860369,Yes
Farming,Plow,1614,Owner_974,6982411766,Yes
Traveling,Auto,3272,Owner_296,4681049165,Yes
Farming,Sprayer,1582,Owner_804,8966652774,No
Farming,Harvester,1267,Owner_42,6537044439,No
Farming,Sprayer,715,Owner_603,8194897221,No
Traveling,Van,4800,Owner_229,2705881752,No
Traveling,Auto,3675,Owner_390,6908007951,No
Traveling,Truck,1573,Owner_770,7161803805,No
Traveling,Van,1586,Owner_716,4532620697,No
Farming,Sprayer,1415,Owner_5,8155224590,Yes
Traveling,Van,2815,Owner_308,2802791239,No
Traveling,Car,4353,Owner_684,8807392591,No
Traveling,Motorbike,4598,Owner_711,3204850453,No
Traveling,Car,3319,Owner_872,2506691252,No
Farming,Sprayer,1712,Owner_834,1752474647,Yes
Farming,Plow,632,Owner_630,1332337670,No
Traveling,Van,4639,Owner_912,6794401736,No
Farming,Plow,1679,Owner_850,9293058435,Yes
Farming,Seeder,879,Owner_962,4460144962,No
Traveling,Car,3626,Owner_70,5081032635,Yes
Farming,Harvester,1695,Owner_313,7532389971,No
Traveling,Motorbike,4025,Owner_624,5552109426,No
Farming,Harvester,1473,Owner_162,2099888282,Yes
Farming,Harvester,974,Owner_457,5551690156,Yes
Farming,Harvester,1673,Owner_698,6068656404,Yes
Farming,Seeder,1757,Owner_470,6665924246,Yes
Traveling,Auto,4309,Owner_104,3841927990,No
Farming,Sprayer,633,Owner_340,7859612763,No
Farming,Tractor,1301,Owner_324,2617889414,No
Traveling,Auto,2200,Owner_493,9604834103,No
Farming,Seeder,865,Owner_346,2196545252,No
Farming,Sprayer,928,Owner_121,6659407454,No
Traveling,Car,2760,Owner_604,8322044400,No
Traveling,Truck,3569,Owner_759,5675995172,Yes
Traveling,Motorbike,3864,Owner_276,7965032294,Yes
Farming,Sprayer,710,Owner_491,1809948436,Yes
Traveling,Motorbike,4418,Owner_281,6611533254,Yes
Traveling,Van,3564,Owner_589,2770276079,No
Traveling,Car,1244,Owner_1000,7762545818,No
Farming,Tractor,1612,Owner_322,7719695704,Yes
Farming,Tractor,700,Owner_623,4920394548,No
Farming,Plow,858,Owner_216,7944545337,Yes
Farming,Harvester,1613,Owner_583,3788839440,Yes
Traveling,Truck,1192,Owner_601,3113556286,No
Farming,Plow,1650,Owner_897,2571060583,No
Farming,Sprayer,1750,Owner_970,1564134688,No
Farming,Harvester,1322,Owner_640,7183423968,Yes
Farming,Harvester,1253,Owner_429,1639861828,No
Traveling,Car,1395,Owner_52,9631892777,No
Farming,Tractor,941,Owner_310,2886677967,No
Traveling,Truck,2394,Owner_990,9929524633,No
Farming,Tractor,1915,Owner_188,4083150188,No
Farming,Plow,1148,Owner_947,9131887528,No
Farming,Sprayer,1137,Owner_942,3967826831,Yes
Traveling,Truck,2048,Owner_351,8695145688,Yes
Farming,Plow,847,Owner_715,4474049010,Yes
Farming,Sprayer,1024,Owner_117,5851953566,Yes
Farming,Harvester,1092,Owner_448,3976887698,Yes
Traveling,Van,1676,Owner_140,7626845284,Yes
Traveling,Car,2503,Owner_477,3785555550,No
Traveling,Car,1518,Owner_701,6104013903,Yes
Farming,Plow,511,Owner_992,7010882646,No
Farming,Plow,1435,Owner_489,5192792554,No
Traveling,Motorbike,3164,Owner_262,9506280000,No
Farming,Tractor,1188,Owner_524,4296303974,Yes
Traveling,Auto,4001,Owner_265,4077544003,Yes
Farming,Harvester,1668,Owner_365,4222593031,Yes
Farming,Plow,1388,Owner_789,5500520304,Yes
Farming,Harvester,1031,Owner_450,1337178109,Yes
Farming,Plow,951,Owner_663,7352947319,No
Traveling,Auto,2517,Owner_702,2383088734,Yes
Farming,Harvester,1539,Owner_569,2254663076,Yes
Farming,Plow,1388,Owner_632,1637774216,Yes
Traveling,Truck,1948,Owner_652,4831830195,No
Traveling,Auto,4408,Owner_940,8028801984,No
Farming,Sprayer,623,Owner_895,6135650164,Yes
Farming,Tractor,1894,Owner_165,5671869080,No
Traveling,Car,4383,Owner_598,4935335459,No
Traveling,Car,3190,Owner_348,5395519392,Yes
Farming,Tractor,1456,Owner_881,4641909547,No
Farming,Sprayer,975,Owner_843,9122302735,No
Farming,Plow,1288,Owner_97,7337624340,No
Traveling,Van,4078,Owner_488,2057977026,Yes
Traveling,Car,3534,Owner_415,8593072583,No
Traveling,Car,2443,Owner_793,4493974587,Yes
Traveling,Auto,4666,Owner_952,5464810208,No
Farming,Tractor,638,Owner_749,2436267105,Yes
Traveling,Van,1724,Owner_331,6596109418,No
Farming,Seeder,1188,Owner_468,4447819272,Yes
Farming,Sprayer,1285,Owner_554,2232712477,Yes
Farming,Plow,1813,Owner_356,7702461675,No
Farming,Plow,1323,Owner_866,9140430840,Yes
Farming,Seeder,636,Owner_176,3833995054,No
Traveling,Motorbike,1523,Owner_260,4961232160,No
Farming,Seeder,1364,Owner_724,3777595047,No
Farming,Seeder,1942,Owner_497,9276192644,No
Traveling,Car,3782,Owner_96,6760567991,Yes
Traveling,Car,1188,Owner_128,3611720217,No
Farming,Sprayer,1306,Owner_78,2176881693,Yes
Farming,Plow,1124,Owner_252,6111406133,Yes
Traveling,Car,2540,Owner_959,6500269077,Yes
Farming,Plow,1647,Owner_595,1599561170,Yes
Traveling,Truck,4516,Owner_805,5941309007,No
Farming,Sprayer,685,Owner_548,5334916908,Yes
Farming,Harvester,1178,Owner_889,7457726115,No
Traveling,Motorbike,4120,Owner_300,3894260325,Yes
Farming,Tractor,1479,Owner_105,8829366232,Yes
Traveling,Van,1297,Owner_32,5760803442,No
Traveling,Van,2040,Owner_730,2348022690,Yes
Traveling,Van,3326,Owner_241,7004736147,Yes
Traveling,Van,1311,Owner_878,6193306113,No
Farming,Seeder,1629,Owner_969,9964997734,No
Traveling,Van,3986,Owner_755,3328554038,No
Traveling,Van,4343,Owner_704,7931208280,Yes
Traveling,Auto,2037,Owner_334,4830042868,No
Farming,Tractor,1193,Owner_686,5401530920,No
Traveling,Motorbike,4823,Owner_455,2965483479,Yes
Farming,Plow,1494,Owner_439,7349225629,Yes
Traveling,Van,1821,Owner_87,3593577734,No
Traveling,Auto,3537,Owner_393,1670449787,Yes
Traveling,Motorbike,4264,Owner_369,1000373198,No
Traveling,Auto,1920,Owner_247,5555003461,No
Farming,Sprayer,1959,Owner_729,9428396009,Yes
Farming,Harvester,1450,Owner_923,8756557870,No
Farming,Harvester,1182,Owner_403,5857847949,No
Farming,Seeder,1702,Owner_492,2301946353,Yes
Farming,Seeder,1678,Owner_76,7015165574,Yes
Farming,Tractor,1146,Owner_721,3000304034,Yes
Farming,Tractor,633,Owner_928,7945539002,Yes
Traveling,Truck,1847,Owner_514,8351745749,Yes
Farming,Seeder,1459,Owner_987,2143256711,No
Farming,Plow,1579,Owner_30,9263778282,Yes
Farming,Tractor,1654,Owner_18,3036869129,Yes
Farming,Tractor,780,Owner_768,9992316814,Yes
Farming,Seeder,1661,Owner_830,2593695891,No
Farming,Harvester,1357,Owner_860,6159460032,Yes
Farming,Tractor,1465,Owner_123,8162708677,No
Traveling,Car,1370,Owner_807,3660463602,Yes
Traveling,Car,4388,Owner_480,4074991913,No
Traveling,Van,1714,Owner_292,4373625382,Yes
Farming,Tractor,709,Owner_443,8405774042,Yes
Farming,Harvester,634,Owner_138,8411947301,No
Traveling,Car,1370,Owner_218,4830233703,Yes
Traveling,Truck,4586,Owner_236,6253831795,No
Traveling,Car,3338,Owner_353,6894287031,No
Farming,Tractor,1456,Owner_766,7150814216,Yes
Farming,Harvester,1727,Owner_77,3820483753,Yes
Traveling,Motorbike,1505,Owner_798,8997671199,No
Farming,Harvester,956,Owner_88,4319056333,Yes
Farming,Harvester,1726,Owner_792,6956838480,Yes
Traveling,Motorbike,4007,Owner_535,3717057813,Yes
Traveling,Van,4105,Owner_246,6358977556,No
Traveling,Truck,1060,Owner_82,3252015997,Yes
Traveling,Car,2810,Owner_274,7886847802,Yes
Farming,Seeder,1102,Owner_516,5129070257,No
Traveling,Truck,3474,Owner_434,6784149690,Yes
Traveling,Auto,3372,Owner_84,6544478892,No
Farming,Harvester,826,Owner_472,1360757141,No
Farming,Sprayer,1179,Owner_937,8576066095,No
Farming,Harvester,1199,Owner_787,2049162715,Yes
Farming,Plow,1965,Owner_168,9599451576,No
Farming,Harvester,815,Owner_254,4629716448,No
Traveling,Motorbike,1062,Owner_800,9727865835,No
Traveling,Truck,4200,Owner_227,9880972994,No
Farming,Plow,1914,Owner_662,9757000481,No
Traveling,Van,3238,Owner_635,4262349591,No
Farming,Sprayer,1417,Owner_209,2747280444,No
Traveling,Auto,4486,Owner_949,1334836891,Yes
Farming,Tractor,1185,Owner_126,5626559288,Yes
Traveling,Van,2835,Owner_821,5605964053,Yes
Farming,Tractor,1899,Owner_475,1919721758,Yes
Farming,Sprayer,1150,Owner_613,1565800999,Yes
Traveling,Car,1174,Owner_513,2522821133,No
Farming,Seeder,1574,Owner_47,6452194830,No
Traveling,Car,1944,Owner_965,9655638326,No
Traveling,Truck,1320,Owner_596,1818397269,Yes
Farming,Sprayer,1451,Owner_750,1305902270,No
Traveling,Van,2022,Owner_297,3841870483,No
Farming,Harvester,1886,Owner_525,3489592622,Yes
Farming,Tractor,869,Owner_660,3993925034,No
Farming,Seeder,817,Owner_833,6720434828,No
Traveling,Motorbike,3065,Owner_114,1506075044,No
Farming,Harvester,1858,Owner_463,2915966421,Yes
Traveling,Car,3015,Owner_877,1044440090,Yes
Farming,Sprayer,1293,Owner_594,9888194118,No
Traveling,Auto,2028,Owner_628,8973551005,Yes
Traveling,Motorbike,4389,Owner_107,1744221461,No
Farming,Plow,1736,Owner_190,1628569119,Yes
Traveling,Van,1169,Owner_386,6884372696,No
Farming,Seeder,1687,Owner_780,3362338900,No
Farming,Tractor,1409,Owner_512,5039585113,No
Traveling,Motorbike,4685,Owner_167,2781000353,No
Farming,Plow,510,Owner_154,9262524338,Yes
Farming,Seeder,1142,Owner_49,2737092211,Yes
Farming,Seeder,1628,Owner_266,9537560645,Yes
Farming,Plow,1125,Owner_973,7240536085,No
Traveling,Motorbike,3165,Owner_657,7696992271,Yes
Traveling,Auto,3580,Owner_135,3508944130,No
Traveling,Motorbike,1564,Owner_469,9812488900,Yes
Traveling,Car,3203,Owner_809,3306211986,Yes
Farming,Sprayer,1528,Owner_835,7934660451,Yes
Traveling,Van,1681,Owner_159,6533608394,No
Farming,Plow,902,Owner_66,7020355325,Yes
Farming,Plow,1598,Owner_542,9510916991,No
Farming,Sprayer,932,Owner_451,6594656590,Yes
Traveling,Car,4073,Owner_743,3492219192,No
Traveling,Van,3587,Owner_697,1867502681,No
Farming,Plow,639,Owner_829,5539016652,Yes
Farming,Sprayer,1264,Owner_207,6523457016,Yes
Traveling,Van,2527,Owner_977,9792846676,No
Traveling,Motorbike,3919,Owner_157,9069870879,No
Farming,Seeder,601,Owner_179,8993769157,No
Farming,Sprayer,591,Owner_347,5255044131,Yes
Farming,Tractor,1363,Owner_511,8374631798,No
Traveling,Motorbike,2781,Owner_808,1948634781,Yes
Traveling,Truck,1612,Owner_607,1460347959,Yes
Farming,Harvester,519,Owner_625,4633036298,Yes
Traveling,Van,2388,Owner_315,7889988251,Yes
Traveling,Van,3548,Owner_4,6702587731,Yes
Traveling,Truck,1524,Owner_289,9190519670,No
Traveling,Motorbike,4658,Owner_27,3658918826,No
Farming,Harvester,683,Owner_984,6432726779,No
Farming,Seeder,1757,Owner_203,8803521652,No
Farming,Sprayer,1797,Owner_311,3235521713,No
Traveling,Car,4793,Owner_461,7129065334,No
Traveling,Motorbike,3107,Owner_532,8662011176,No
Traveling,Auto,2357,Owner_502,2913884931,Yes
Traveling,Truck,1167,Owner_449,6139657900,No
Traveling,Auto,2283,Owner_28,7973681216,Yes
Farming,Harvester,1466,Owner_917,3447698001,No
Traveling,Auto,1561,Owner_282,4641304227,Yes
Farming,Sprayer,2000,Owner_757,5805838829,No
Traveling,Truck,1506,Owner_772,9470912057,Yes
Farming,Sprayer,843,Owner_407,1795688916,No
Farming,Sprayer,1017,Owner_412,4006843475,Yes
Farming,Harvester,819,Owner_481,9755298027,No
Traveling,Auto,3002,Owner_152,1422209239,Yes
Traveling,Truck,2894,Owner_968,6239319568,No
Farming,Sprayer,660,Owner_966,4903119559,Yes
Traveling,Truck,1511,Owner_816,7417461715,Yes
Traveling,Car,3284,Owner_883,9099974401,Yes
Traveling,Motorbike,3817,Owner_63,4127198697,Yes
Traveling,Van,2314,Owner_46,4906483742,Yes
Farming,Plow,1049,Owner_368,4867171593,Yes
Farming,Sprayer,1030,Owner_944,3265352851,Yes
Farming,Harvester,514,Owner_222,9604863565,No
Farming,Tractor,1055,Owner_907,6859787850,No
Farming,Harvester,1235,Owner_305,8371197196,Yes
Traveling,Auto,3355,Owner_936,8854976884,No
Traveling,Motorbike,2228,Owner_416,6880546368,No
Farming,Seeder,1263,Owner_91,1402528987,Yes
Traveling,Car,2655,Owner_447,2266179365,No
Farming,Sprayer,954,Owner_784,7578881492,Yes
Farming,Seeder,694,Owner_467,4527374670,Yes
Farming,Tractor,1969,Owner_330,9484547425,Yes
Farming,Plow,1869,Owner_666,7593747491,No
Traveling,Motorbike,3185,Owner_869,5588544446,No
Farming,Seeder,1845,Owner_427,8171304611,Yes
Traveling,Van,3525,Owner_913,4500745430,No
Traveling,Car,2751,Owner_505,9892110429,Yes
Farming,Sprayer,1330,Owner_249,3855865491,Yes
Farming,Sprayer,1514,Owner_291,4250408160,Yes
Traveling,Van,2708,Owner_127,8489914508,Yes
Farming,Sprayer,746,Owner_101,7435385226,Yes
Traveling,Car,3506,Owner_588,9648057271,No
Farming,Plow,1221,Owner_683,2338914819,Yes
Farming,Seeder,1199,Owner_382,9621414087,Yes
Traveling,Car,1238,Owner_634,4326046493,No
Traveling,Auto,1143,Owner_758,6682579911,Yes
Traveling,Truck,1117,Owner_647,3760589331,No
Farming,Harvester,1092,Owner_474,5890329932,No
Farming,Plow,1381,Owner_999,2935909735,No
Traveling,Car,3648,Owner_271,6198105261,Yes
Traveling,Car,1630,Owner_153,2098463719,Yes
Farming,Tractor,672,Owner_575,6466662277,Yes
Farming,Seeder,1352,Owner_426,2425834126,Yes
Traveling,Truck,3515,Owner_667,2374789806,Yes
Traveling,Auto,3525,Owner_482,8155629641,Yes
Farming,Seeder,1333,Owner_801,2130777124,Yes
Farming,Tractor,1306,Owner_692,9070805208,Yes
Farming,Harvester,1093,Owner_62,5821032016,Yes
Traveling,Motorbike,3156,Owner_795,7912743385,No
Farming,Harvester,600,Owner_44,5199973273,No
Traveling,Van,2425,Owner_360,6737984659,Yes
Traveling,Van,1272,Owner_414,4485921017,Yes
Farming,Seeder,1496,Owner_708,4164032496,No
Farming,Harvester,1027,Owner_742,2166910611,Yes
Farming,Sprayer,1272,Owner_818,4793515437,No
Traveling,Car,3211,Owner_760,8128101961,No
Farming,Seeder,873,Owner_372,9985109418,Yes
Traveling,Auto,2092,Owner_43,2089976258,Yes
Farming,Tractor,1479,Owner_284,8823456752,No
Traveling,Car,1981,Owner_383,2265675693,Yes
Traveling,Truck,3261,Owner_132,4812914041,No
Traveling,Motorbike,4065,Owner_72,1667453798,Yes
Traveling,Truck,2453,Owner_184,6777789212,No
Farming,Seeder,807,Owner_149,9524251185,No
Farming,Seeder,1296,Owner_288,2907666751,Yes
Traveling,Car,1511,Owner_431,3029674561,Yes
Traveling,Truck,4200,Owner_879,2536435591,No
Farming,Harvester,868,Owner_618,8538825688,No
Farming,Tractor,864,Owner_845,6306209116,Yes
Traveling,Auto,1586,Owner_464,9691796736,No
Farming,Seeder,1606,Owner_888,6074073804,No
Traveling,Car,1848,Owner_847,5585131506,Yes
Traveling,Truck,4136,Owner_558,3887081255,No
Traveling,Car,2184,Owner_631,6812000325,No
Traveling,Auto,3209,Owner_189,7030195037,Yes
Traveling,Van,2311,Owner_316,4710375791,No
Traveling,Van,4802,Owner_577,9534743194,No
Farming,Seeder,1763,Owner_485,5164289031,Yes
Traveling,Auto,1001,Owner_858,5071774858,No
Farming,Harvester,1459,Owner_819,5877632843,Yes
Farming,Tractor,1183,Owner_864,5554789256,No
Traveling,Truck,3790,Owner_112,3132766116,Yes
Farming,Harvester,726,Owner_996,7343198043,No
Farming,Harvester,1488,Owner_25,7348291905,Yes
Traveling,Motorbike,1977,Owner_925,9913045658,No
Farming,Plow,987,Owner_610,1725289458,No
Farming,Sprayer,626,Owner_582,7261604147,Yes
Farming,Harvester,1000,Owner_499,2315503143,No
Farming,Plow,1681,Owner_329,5806687494,Yes
Traveling,Auto,4875,Owner_175,6290377140,Yes
Farming,Plow,1662,Owner_961,7662736711,Yes
Farming,Plow,1012,Owner_985,3247113416,Yes
Farming,Harvester,1007,Owner_267,4465242918,Yes
Farming,Harvester,1697,Owner_533,9044574775,No
Farming,Sprayer,1045,Owner_561,3723268731,Yes
Traveling,Van,4224,Owner_335,6062873257,No
Traveling,Truck,4320,Owner_678,9867858580,Yes
Farming,Plow,1200,Owner_490,1450919322,No
Farming,Harvester,754,Owner_887,2982903833,Yes
Farming,Plow,1399,Owner_719,9802954118,No
Farming,Tractor,1968,Owner_279,8115510710,Yes
Traveling,Auto,1066,Owner_215,3232890186,Yes
Traveling,Van,1084,Owner_294,1386646135,Yes
Traveling,Motorbike,3065,Owner_473,7921040029,Yes
Traveling,Truck,3160,Owner_355,5367811674,Yes
Farming,Seeder,1582,Owner_122,3720521639,Yes
Traveling,Truck,4157,Owner_115,7033784019,Yes
Traveling,Car,3855,Owner_367,9191855847,No
Farming,Tractor,1554,Owner_506,5133653805,No
Traveling,Motorbike,2501,Owner_918,6011433657,No
Traveling,Motorbike,4706,Owner_732,5411122053,Yes
Farming,Sprayer,1606,Owner_995,4297791905,No
Traveling,Motorbike,4471,Owner_602,9307738750,No
Farming,Tractor,1862,Owner_646,8921883221,No
Traveling,Truck,4208,Owner_86,8617193975,No
Traveling,Motorbike,4947,Owner_500,2021949934,No
Traveling,Van,4516,Owner_814,3956918179,Yes
Traveling,Van,2316,Owner_673,7490217549,Yes
Traveling,Truck,3908,Owner_327,4088764176,No
Farming,Plow,1216,Owner_381,3267593337,No
Farming,Plow,629,Owner_906,2212947732,Yes
Farming,Sprayer,1561,Owner_384,7907434338,No
Farming,Seeder,1343,Owner_773,8242496142,No
Farming,Plow,1275,Owner_893,6301006100,No
Farming,Tractor,1074,Owner_191,9072752774,No
Traveling,Motorbike,2313,Owner_31,3755297441,No
Farming,Sprayer,1223,Owner_146,3001396670,Yes
Farming,Harvester,1760,Owner_166,3657789710,Yes
Traveling,Auto,1301,Owner_633,3217032171,No
Farming,Plow,1361,Owner_955,1368441690,No
Farming,Sprayer,1201,Owner_258,6070821422,Yes
Farming,Sprayer,791,Owner_22,2108435777,No
Farming,Plow,772,Owner_682,2629441302,No
Farming,Tractor,846,Owner_812,6798189551,No
Traveling,Truck,2492,Owner_111,2495590148,Yes
Farming,Plow,620,Owner_494,9072170564,No
Farming,Seeder,696,Owner_899,1382416712,No
Farming,Seeder,1781,Owner_972,2084576161,No
Farming,Sprayer,1630,Owner_484,2267680921,No
Farming,Plow,512,Owner_263,7612046106,No
Traveling,Motorbike,1527,Owner_410,3275819562,No
Traveling,Car,4662,Owner_81,6522135050,No
Farming,Seeder,523,Owner_811,8794274855,No
Farming,Plow,1888,Owner_687,6708435808,Yes
Farming,Plow,1878,Owner_891,7719776030,No
Traveling,Car,4426,Owner_546,7081593459,No
Traveling,Motorbike,4713,Owner_6,5175195660,Yes
Farming,Tractor,1936,Owner_777,8128361879,Yes
Traveling,Car,3884,Owner_541,1996567947,No
Traveling,Car,3306,Owner_609,4479033881,Yes
Traveling,Truck,2842,Owner_442,2190732356,No
Farming,Sprayer,1590,Owner_85,6905326455,Yes
Traveling,Van,1600,Owner_478,7546922792,No
Farming,Sprayer,567,Owner_975,6298993199,No
Farming,Seeder,1500,Owner_453,2944034692,Yes
Traveling,Van,3396,Owner_495,5770631665,No
Traveling,Motorbike,2848,Owner_147,1800568814,Yes
Traveling,Car,3087,Owner_54,3069150053,Yes
Traveling,Motorbike,1562,Owner_717,4214536374,No
Traveling,Auto,4516,Owner_591,5776217640,No
Traveling,Van,3475,Owner_312,2297011669,No
Traveling,Van,3626,Owner_545,7301619388,Yes
Traveling,Truck,3183,Owner_406,6957707503,No
Farming,Harvester,1836,Owner_286,6515862000,Yes
Farming,Plow,575,Owner_935,5168919746,No
Farming,Seeder,1816,Owner_543,1263873778,Yes
Traveling,Car,4161,Owner_235,2868727486,No
Traveling,Car,2595,Owner_357,9606078588,No
Farming,Sprayer,1809,Owner_376,4524766831,Yes
Farming,Plow,674,Owner_318,7053497200,No
Farming,Tractor,822,Owner_226,8841033596,No
Farming,Sprayer,968,Owner_851,2574686974,No
Farming,Tractor,1181,Owner_744,6577234749,Yes
Farming,Plow,705,Owner_774,5334924148,Yes
Traveling,Car,1418,Owner_314,4559365627,Yes
Traveling,Car,4477,Owner_268,5605569443,Yes
Traveling,Auto,2084,Owner_234,8636863994,No
Farming,Sprayer,1732,Owner_231,4574115685,Yes
Traveling,Van,1868,Owner_483,2352319686,Yes
Farming,Tractor,984,Owner_192,1590872731,Yes
Farming,Seeder,920,Owner_8,8953655569,Yes
Traveling,Auto,2209,Owner_220,5826285029,Yes
Farming,Sprayer,1422,Owner_862,1168442722,No
Traveling,Auto,4060,Owner_243,8992325572,No
Farming,Seeder,1160,Owner_874,2391101054,No
Traveling,Car,1899,Owner_651,2866781657,No
Traveling,Truck,3830,Owner_13,4270122659,Yes
Traveling,Car,1294,Owner_264,6646872273,Yes
Farming,Seeder,1170,Owner_644,7817947427,No
Traveling,Auto,3905,Owner_857,2090903960,Yes
Traveling,Auto,2782,Owner_989,2147571962,Yes
Traveling,Car,1128,Owner_559,8234077197,No
Traveling,Car,3078,Owner_778,7984739067,No
Farming,Harvester,1045,Owner_35,9516065176,Yes
Traveling,Motorbike,1552,Owner_817,9717968441,No
Farming,Sprayer,1122,Owner_211,7422973059,No
Farming,Seeder,679,Owner_550,7651652439,No
Farming,Harvester,1424,Owner_34,5828106379,No
Farming,Plow,713,Owner_637,1296318277,Yes
Farming,Plow,1027,Owner_875,9532759503,Yes
Traveling,Truck,1223,Owner_679,3285027751,Yes
Traveling,Van,1475,Owner_116,6646157728,Yes
Farming,Plow,1270,Owner_200,6083380601,No
Farming,Seeder,1941,Owner_978,6298988323,Yes
Farming,Harvester,1697,Owner_650,2463851784,Yes
Traveling,Van,2818,Owner_710,2295673308,No
Farming,Tractor,1546,Owner_945,4430877117,Yes
Traveling,Van,3394,Owner_614,7329652635,No
Farming,Plow,1635,Owner_344,1426579699,No
Traveling,Van,3693,Owner_48,7674537887,Yes
Farming,Tractor,595,Owner_797,4299606422,Yes
Farming,Sprayer,1454,Owner_579,2132882938,Yes
Traveling,Van,2494,Owner_669,1091879640,Yes
Farming,Seeder,989,Owner_466,1968624422,Yes
Farming,Sprayer,876,Owner_886,8865618000,Yes
Traveling,Van,4751,Owner_224,8872528519,Yes
Farming,Plow,1420,Owner_536,3724125857,Yes
Farming,Sprayer,756,Owner_930,3764783702,No
Traveling,Motorbike,4897,Owner_976,7315237666,No
Farming,Plow,1485,Owner_685,6128459323,No
Farming,Seeder,1290,Owner_946,9491721936,No
Farming,Sprayer,1746,Owner_142,6824076099,Yes
Traveling,Truck,2196,Owner_9,5192197140,Yes
Farming,Harvester,1879,Owner_788,7508781025,No
Farming,Harvester,1512,Owner_242,6164702512,No
Traveling,Van,1114,Owner_285,2719865405,No
Traveling,Auto,2080,Owner_616,6911716146,No
Traveling,Van,3520,Owner_433,4617554037,Yes
Farming,Seeder,740,Owner_397,2488683508,No
Traveling,Auto,2583,Owner_359,8397105693,Yes
Traveling,Motorbike,3796,Owner_903,7522769282,No
Farming,Harvester,1462,Owner_69,7545079215,Yes
Traveling,Truck,1963,Owner_328,3608697079,Yes
Farming,Harvester,1523,Owner_337,8306532129,Yes
Farming,Tractor,676,Owner_938,7587690650,Yes
Traveling,Truck,1745,Owner_565,1039676222,No
Traveling,Car,1617,Owner_587,1559895086,No
Farming,Plow,559,Owner_306,8054876065,Yes
Farming,Tractor,1298,Owner_174,3260602153,Yes
Traveling,Auto,4424,Owner_202,5615544080,No
Farming,Seeder,1794,Owner_338,5261995783,No
Traveling,Truck,2658,Owner_674,3021895033,No
Farming,Tractor,1558,Owner_915,7140977051,Yes
Farming,Tractor,1741,Owner_487,6493613498,No
Farming,Tractor,1918,Owner_629,9622057853,Yes
Traveling,Van,4158,Owner_753,6538523394,No
Traveling,Auto,3285,Owner_902,4954481760,No
Farming,Plow,848,Owner_498,8055478373,No
Farming,Tractor,1360,Owner_362,5858581494,Yes
Traveling,Car,2950,Owner_320,6820319937,Yes
Farming,Plow,621,Owner_736,6870662408,Yes
Farming,Seeder,999,Owner_566,7016785220,No
Traveling,Truck,2705,Owner_865,8133813870,No
Traveling,Van,1862,Owner_90,9537365759,No
Farming,Tractor,1457,Owner_180,1698395211,No
Traveling,Car,1202,Owner_103,7032660728,Yes
Traveling,Auto,3042,Owner_645,5782216114,Yes
Farming,Seeder,1383,Owner_205,5198040850,No
Traveling,Auto,2523,Owner_145,4077314900,No
Traveling,Car,3273,Owner_503,6881529030,No
Farming,Plow,1777,Owner_118,2578418135,Yes
Farming,Harvester,817,Owner_197,4776062708,No
Traveling,Car,4966,Owner_332,4814000533,No
Farming,Plow,1707,Owner_323,2531498624,No
Traveling,Car,4124,Owner_831,7905338127,No
Farming,Sprayer,1692,Owner_212,5680443678,Yes
Farming,Sprayer,682,Owner_885,9734296480,No
Traveling,Car,1257,Owner_769,1965549974,No
Traveling,Truck,3798,Owner_59,2913655678,No
Farming,Tractor,920,Owner_471,2933409514,No
Farming,Plow,1742,Owner_914,8416686760,No
Traveling,Car,3912,Owner_600,8784800624,No
Farming,Tractor,1428,Owner_763,2845054525,Yes
Farming,Seeder,1984,Owner_293,4849040374,No
Farming,Plow,1864,Owner_785,3066874480,No
Farming,Harvester,854,Owner_921,4038822208,Yes
Farming,Tractor,640,Owner_501,1470020758,Yes
Traveling,Van,1050,Owner_287,9022277034,No
Traveling,Van,3790,Owner_41,4017047917,Yes
Farming,Plow,1188,Owner_693,7179764682,Yes
Traveling,Car,4055,Owner_620,3618031341,Yes
Farming,Plow,1860,Owner_900,3383465669,Yes
Traveling,Truck,3406,Owner_169,1171066356,Yes
Traveling,Motorbike,3193,Owner_423,7459063835,No
Farming,Sprayer,1460,Owner_508,6047219991,Yes
Farming,Plow,569,Owner_24,1508370914,No
Farming,Plow,716,Owner_621,3030232244,Yes
Traveling,Motorbike,3811,Owner_519,6606596768,Yes
Traveling,Van,4085,Owner_648,9030468247,No
Traveling,Truck,3197,Owner_822,1477422251,Yes
Farming,Harvester,1039,Owner_131,1608046602,Yes
Farming,Seeder,1875,Owner_459,2197493211,Yes
Farming,Sprayer,1572,Owner_456,1222435193,No
Farming,Sprayer,916,Owner_221,2702069826,No
Farming,Plow,1314,Owner_37,9614677027,No
Farming,Tractor,796,Owner_343,7377088128,Yes
Traveling,Auto,3745,Owner_273,5639671482,Yes
Farming,Plow,1379,Owner_997,9358603439,No
Traveling,Truck,4636,Owner_810,2084083939,No
Traveling,Van,4943,Owner_967,2763798185,Yes
Traveling,Van,1790,Owner_880,4739470261,Yes
Farming,Sprayer,1183,Owner_151,9583560316,No
Traveling,Auto,2359,Owner_278,7193487769,Yes
Farming,Tractor,1433,Owner_326,9149289768,Yes
Farming,Plow,1134,Owner_775,5420172046,Yes
Traveling,Truck,1721,Owner_849,8429733978,Yes
Traveling,Truck,2861,Owner_137,7908457893,No
Traveling,Van,1666,Owner_855,4988478147,Yes
Traveling,Car,2384,Owner_671,2614646249,No
Farming,Sprayer,617,Owner_529,8099415311,Yes
Traveling,Motorbike,1263,Owner_838,6798534347,No
Traveling,Auto,2140,Owner_585,3895717393,Yes
Traveling,Auto,3448,Owner_954,4283659539,Yes
Traveling,Motorbike,4374,Owner_741,6389302480,No
Traveling,Truck,4542,Owner_349,5864350652,Yes
Traveling,Truck,2131,Owner_762,5491665764,Yes
Farming,Harvester,1288,Owner_164,1132297732,No
Traveling,Car,1348,Owner_163,2143329694,Yes
Traveling,Auto,3606,Owner_283,2915386259,Yes
Farming,Plow,619,Owner_354,2911013241,Yes
Farming,Seeder,1541,Owner_2,2460269172,No
Traveling,Truck,1465,Owner_980,7562568589,Yes
Farming,Plow,1949,Owner_522,9825707567,No
Traveling,Van,3817,Owner_690,4372032375,No
Farming,Tractor,1240,Owner_552,1969225212,Yes
Farming,Tractor,1998,Owner_11,2684619300,No
Farming,Sprayer,874,Owner_185,2977666667,Yes
Farming,Harvester,1885,Owner_643,2826594551,Yes
Traveling,Motorbike,2991,Owner_680,4865928439,No
Farming,Plow,1455,Owner_75,4155180485,Yes
Farming,Sprayer,713,Owner_754,5068926229,No
Farming,Sprayer,974,Owner_848,1849724923,No
Traveling,Auto,2280,Owner_734,8410175599,No
Farming,Tractor,1401,Owner_894,4891465485,No
Farming,Tractor,895,Owner_422,2098626580,Yes
Traveling,Truck,3122,Owner_856,8521834332,Yes
Farming,Plow,775,Owner_401,5542883465,Yes
Farming,Seeder,1204,Owner_225,3700803545,No
Traveling,Auto,3037,Owner_232,3204127596,Yes
Traveling,Truck,2666,Owner_733,8504296031,No
Farming,Tractor,560,Owner_953,8336085834,Yes
Traveling,Motorbike,2845,Owner_171,1523703792,Yes
Farming,Tractor,1400,Owner_336,2058262729,Yes
Farming,Harvester,1410,Owner_67,2173828658,Yes
Traveling,Truck,4256,Owner_251,6579004524,No
Farming,Seeder,504,Owner_549,9001493681,No
Farming,Sprayer,704,Owner_911,7268553417,Yes
Traveling,Auto,1837,Owner_16,9891026079,Yes
Farming,Plow,584,Owner_563,1205189493,No
Farming,Sprayer,701,Owner_844,9191238827,No
Traveling,Truck,4212,Owner_317,8725696853,Yes
Traveling,Auto,2588,Owner_670,9401220455,Yes
Farming,Tractor,1594,Owner_440,5132433650,Yes
Farming,Sprayer,892,Owner_735,1250296565,Yes
Traveling,Auto,4651,Owner_60,9174530483,No
Traveling,Auto,4079,Owner_531,9557610137,No
Traveling,Car,2730,Owner_57,6201974159,Yes
Farming,Harvester,578,Owner_465,7414532346,No
Farming,Plow,1671,Owner_193,8383924525,No
Farming,Plow,706,Owner_388,4714870424,No
Traveling,Motorbike,2354,Owner_108,8044973891,Yes
Farming,Sprayer,1162,Owner_705,2373321417,No
Farming,Harvester,982,Owner_130,1214634174,Yes
Farming,Sprayer,1158,Owner_304,5919260592,Yes
Farming,Tractor,2000,Owner_740,5608024742,Yes
Traveling,Car,3940,Owner_802,1907604866,No
Farming,Tractor,508,Owner_136,6239597574,Yes
Farming,Harvester,1292,Owner_56,8418112910,No
Traveling,Car,3769,Owner_709,4203409308,Yes
Traveling,Truck,1414,Owner_402,3180536642,No
Farming,Plow,1952,Owner_739,4392288210,Yes
Traveling,Motorbike,1049,Owner_23,9314697042,Yes
Farming,Harvester,989,Owner_437,5730950700,Yes
Traveling,Car,2765,Owner_160,7170106259,Yes
Farming,Seeder,1029,Owner_341,1724509369,No
Traveling,Motorbike,3627,Owner_916,6921290788,Yes
Traveling,Van,2252,Owner_515,9335876678,No
Traveling,Truck,2841,Owner_943,4843748347,Yes
Farming,Sprayer,1394,Owner_61,1716481062,No
Traveling,Car,3185,Owner_703,9472196656,No
Farming,Sprayer,1467,Owner_571,2684739200,No
Traveling,Motorbike,1527,Owner_113,1050904579,No
Farming,Tractor,622,Owner_581,7935225549,Yes
Farming,Seeder,828,Owner_707,6079371043,Yes
Traveling,Motorbike,2266,Owner_890,7141979724,Yes
Farming,Sprayer,655,Owner_419,4839154332,Yes
Traveling,Auto,1230,Owner_826,1797460695,Yes
Traveling,Car,1029,Owner_92,2901060008,Yes
Farming,Seeder,1027,Owner_441,3067960621,Yes
Farming,Harvester,1197,Owner_373,1590243984,No
Farming,Harvester,736,Owner_156,4711547605,Yes
Traveling,Motorbike,4295,Owner_10,7445009995,Yes
Farming,Plow,1140,Owner_339,8393946391,No
Traveling,Car,1723,Owner_852,6395918460,No
Traveling,Motorbike,2556,Owner_713,1751362210,Yes
Traveling,Auto,4945,Owner_325,1667486350,No
Farming,Plow,1911,Owner_219,4694504681,Yes
Farming,Harvester,540,Owner_361,8912474598,No
Farming,Seeder,1868,Owner_379,3281264094,No
Traveling,Motorbike,4698,Owner_520,6512900320,No
Traveling,Van,4211,Owner_971,8399611785,Yes
Traveling,Auto,1961,Owner_840,6427489490,No
Traveling,Van,3495,Owner_898,3183448886,No
Farming,Tractor,1768,Owner_186,9079573526,No
Farming,Sprayer,1855,Owner_298,8013529378,No
Farming,Harvester,1946,Owner_133,9504400351,Yes
Traveling,Car,1967,Owner_230,8449088593,Yes
Traveling,Auto,1431,Owner_280,4037620939,Yes
Traveling,Auto,2450,Owner_927,4958730975,No
Traveling,Car,3543,Owner_782,9107082260,No
Farming,Seeder,1523,Owner_366,5634435996,Yes
Farming,Plow,1154,Owner_435,5151057305,No
Farming,Tractor,1476,Owner_593,4663749848,No
Farming,Harvester,1502,Owner_74,9824519324,No
Traveling,Truck,2559,Owner_622,2629719592,Yes
Traveling,Auto,1620,Owner_182,7842204017,No
Traveling,Motorbike,3976,Owner_521,2440837488,No
Traveling,Van,1208,Owner_377,9472705651,Yes
Farming,Plow,1421,Owner_509,3897662365,Yes
Farming,Harvester,511,Owner_929,2190780170,No
Farming,Tractor,1445,Owner_476,5533335093,Yes
Traveling,Auto,1446,Owner_187,9928664865,No
Farming,Sprayer,1155,Owner_399,2151206307,No
Traveling,Motorbike,3093,Owner_20,2270165868,Yes
Traveling,Motorbike,1635,Owner_290,5994749743,Yes
Farming,Harvester,1791,Owner_948,2636781691,Yes
Traveling,Van,1839,Owner_213,4153166385,No
Traveling,Van,1891,Owner_17,6751677085,No
Farming,Seeder,941,Owner_617,3358640937,No
Farming,Sprayer,1574,Owner_523,4679388444,Yes
Farming,Harvester,851,Owner_233,5552855330,Yes
Farming,Plow,1394,Owner_981,2360058411,No
Farming,Seeder,610,Owner_364,6986528351,No
Traveling,Motorbike,1372,Owner_544,8516911570,Yes
Farming,Plow,871,Owner_345,1718429513,No
Traveling,Truck,3529,Owner_507,9771485800,No
Traveling,Auto,2745,Owner_295,7749147909,Yes
Traveling,Truck,4038,Owner_884,5592043346,No
Farming,Plow,1429,Owner_832,1243556453,No
Farming,Plow,1668,Owner_462,1677914327,No
Traveling,Van,4384,Owner_29,7194163103,Yes
Farming,Tractor,1877,Owner_661,2332957263,Yes
Farming,Harvester,631,Owner_870,5783951548,No
Traveling,Truck,2396,Owner_446,5937815274,Yes
Farming,Harvester,633,Owner_824,6031217108,Yes
Traveling,Truck,1680,Owner_454,3970208269,Yes
Traveling,Van,1925,Owner_430,5504943863,No
Farming,Seeder,1667,Owner_564,7326985340,Yes
Traveling,Auto,4883,Owner_375,2215005442,Yes
Traveling,Car,1793,Owner_998,3086079299,Yes
Traveling,Auto,1939,Owner_94,6701764180,No
Farming,Tractor,940,Owner_39,5182931418,Yes
Farming,Tractor,1467,Owner_417,7717059200,No
Traveling,Motorbike,2281,Owner_400,9985813505,No
Traveling,Van,1592,Owner_986,3115103795,No
Farming,Harvester,961,Owner_257,6683347646,Yes
Farming,Plow,504,Owner_606,2986197333,Yes
Farming,Seeder,1979,Owner_764,3624421888,Yes
Farming,Sprayer,1953,Owner_839,9753164167,No
Traveling,Van,4388,Owner_398,6717026972,No
Traveling,Auto,4679,Owner_871,1477155456,Yes
Traveling,Motorbike,4008,Owner_728,7905421766,No
Traveling,Car,2361,Owner_649,9072862309,No
Traveling,Car,2573,Owner_93,9995803403,Yes
Traveling,Truck,4624,Owner_827,1464484972,Yes
Traveling,Van,3150,Owner_526,7580347161,No
Traveling,Auto,1307,Owner_859,8748162534,Yes
Traveling,Car,3877,Owner_964,4336655277,No
Traveling,Motorbike,2541,Owner_910,1973664682,Yes
Farming,Seeder,1330,Owner_941,2642521178,No
Traveling,Motorbike,2754,Owner_89,1494411196,Yes
Farming,Seeder,1968,Owner_747,8887097221,No
Traveling,Motorbike,2282,Owner_572,4168980414,No
Traveling,Truck,4254,Owner_901,9600115558,No
Farming,Sprayer,707,Owner_714,1598857130,Yes
Traveling,Auto,3619,Owner_539,2318983607,No
Farming,Plow,666,Owner_303,4433412497,No
Farming,Tractor,1145,Owner_615,5425634611,Yes
Traveling,Van,2203,Owner_957,6435386044,No
Traveling,Van,3271,Owner_405,1474930650,Yes
Farming,Sprayer,987,Owner_699,2187375532,No
Traveling,Motorbike,4204,Owner_939,7108746030,No
Farming,Seeder,589,Owner_695,1744561644,No
Traveling,Van,2491,Owner_570,3764717152,No
Farming,Seeder,1013,Owner_653,2877297380,No
Farming,Seeder,1154,Owner_299,3859527989,Yes
Traveling,Van,2141,Owner_676,2043632899,No
Traveling,Auto,2116,Owner_951,7473464914,Yes
Traveling,Motorbike,1954,Owner_605,8351779141,Yes
Traveling,Car,4702,Owner_40,9164150705,Yes
Farming,Seeder,1056,Owner_418,8556638258,No
Traveling,Car,3655,Owner_731,4380913997,No
Traveling,Truck,2118,Owner_342,2464624402,Yes
Traveling,Van,1708,Owner_590,2111461983,No
Farming,Tractor,1055,Owner_994,3245932704,No
Farming,Harvester,1921,Owner_143,6156004549,No
Farming,Tractor,526,Owner_568,5756806011,No
Traveling,Truck,4956,Owner_110,3293769102,Yes
Farming,Sprayer,1081,Owner_301,3603838818,No
Farming,Sprayer,1668,Owner_144,2161095339,Yes
Farming,Tractor,960,Owner_95,5296353069,No
Traveling,Motorbike,1585,Owner_534,3361984743,No
Traveling,Van,1044,Owner_420,2403846998,No
Farming,Seeder,1284,Owner_815,1461867469,Yes
Traveling,Van,2342,Owner_438,3699476599,No
Traveling,Truck,1639,Owner_656,3450203078,Yes
Farming,Seeder,1381,Owner_574,9527613231,Yes
Farming,Seeder,516,Owner_560,8359361868,Yes
Farming,Plow,553,Owner_199,3866235999,Yes
Farming,Tractor,1416,Owner_134,1393557946,Yes
Farming,Sprayer,913,Owner_460,7494989673,Yes
Farming,Sprayer,1657,Owner_319,6412485199,Yes
Farming,Plow,649,Owner_73,5427593183,Yes
Farming,Seeder,1505,Owner_172,1654884751,Yes
Farming,Seeder,1425,Owner_148,8697380122,No
Traveling,Car,2921,Owner_413,4301882269,Yes
Farming,Seeder,737,Owner_867,1276704714,Yes
Traveling,Auto,1545,Owner_486,8870341259,Yes
Farming,Sprayer,606,Owner_255,4168152295,No
Farming,Seeder,681,Owner_537,9999714977,No
Traveling,Truck,1595,Owner_394,8061612268,Yes
Farming,Tractor,775,Owner_863,3720184023,Yes
Traveling,Van,4738,Owner_761,5440197843,Yes
Traveling,Auto,1597,Owner_275,2683975992,No
Traveling,Motorbike,4647,Owner_239,1831147483,No
Traveling,Van,3873,Owner_458,2728061315,Yes
Farming,Seeder,767,Owner_26,6274216869,No
Farming,Tractor,1291,Owner_445,6686901464,No
Traveling,Car,4283,Owner_746,8528789476,No
Farming,Harvester,1001,Owner_876,1780763596,No
Traveling,Auto,1500,Owner_158,9848140157,Yes
Farming,Plow,1138,Owner_562,3997331389,No
Traveling,Van,3524,Owner_979,6356129621,Yes
Traveling,Auto,1483,Owner_655,9028874106,Yes
Farming,Seeder,846,Owner_479,6329563399,Yes
Traveling,Motorbike,4699,Owner_392,7172836237,No
Farming,Sprayer,1922,Owner_100,9911115385,No
Farming,Seeder,652,Owner_825,8359585358,Yes
Traveling,Auto,1734,Owner_391,4124003214,Yes
Farming,Seeder,1433,Owner_796,4595012320,Yes
Farming,Seeder,715,Owner_424,3879092186,Yes
Traveling,Van,1095,Owner_270,3223549777,Yes
Farming,Seeder,729,Owner_302,6897911547,No
Farming,Plow,1774,Owner_272,3774074977,No
Traveling,Car,4405,Owner_183,5380157828,Yes
Farming,Tractor,778,Owner_248,3349027254,Yes
Traveling,Van,3346,Owner_767,1446181325,Yes
Farming,Seeder,1811,Owner_712,2912119195,No
Farming,Tractor,1648,Owner_387,1592946593,No
Farming,Plow,1524,Owner_250,1700916914,Yes
Traveling,Auto,2862,Owner_700,1300829685,No
Traveling,Van,3379,Owner_933,1673987951,Yes
Farming,Tractor,1898,Owner_36,8990321869,No
Traveling,Car,1654,Owner_45,2315263653,No
Farming,Tractor,1179,Owner_691,9643373805,No
Farming,Harvester,1966,Owner_626,8466995843,Yes
Farming,Plow,1996,Owner_908,7599336588,No
Traveling,Car,3812,Owner_161,6938904829,Yes
Traveling,Car,3427,Owner_15,5007350610,No
Farming,Tractor,710,Owner_109,2498043879,No
Traveling,Truck,3641,Owner_421,8538851219,Yes
Traveling,Car,2040,Owner_124,7006120744,Yes
Farming,Plow,1307,Owner_385,7410365001,No
Traveling,Car,5000,Owner_920,9741698519,Yes
Farming,Seeder,1874,Owner_905,9296284389,Yes
Farming,Harvester,1924,Owner_696,8285021427,Yes
Traveling,Motorbike,2332,Owner_80,2528562567,No
Farming,Harvester,1847,Owner_672,5971027422,No
Traveling,Car,4627,Owner_641,6879385957,No
Farming,Harvester,1028,Owner_259,5276241055,No
Farming,Harvester,1534,Owner_868,8547865330,Yes
Farming,Seeder,1014,Owner_597,7052055463,No
Farming,Plow,1200,Owner_358,5635100824,Yes
Traveling,Truck,3889,Owner_436,4279992227,No
Traveling,Truck,3924,Owner_823,4015428927,Yes
Farming,Sprayer,669,Owner_993,8810982359,Yes
Traveling,Motorbike,3086,Owner_751,4890224816,Yes
Farming,Sprayer,582,Owner_3,9540520401,Yes
Farming,Tractor,1252,Owner_726,7727581531,No
Farming,Tractor,672,Owner_194,9426577929,Yes
Farming,Seeder,1448,Owner_659,5649004384,Yes
Farming,Harvester,782,Owner_208,6746145670,No
Farming,Tractor,736,Owner_504,5066262022,Yes
Farming,Sprayer,748,Owner_580,7043466969,No
Farming,Sprayer,1105,Owner_428,1175243254,Yes
Traveling,Auto,3969,Owner_718,9130892342,Yes
Traveling,Car,1114,Owner_813,4144885900,No
Traveling,Auto,2541,Owner_892,8319591905,No
Farming,Seeder,610,Owner_745,8241234311,Yes
Farming,Plow,1478,Owner_779,1349251119,Yes
Traveling,Car,1578,Owner_567,2819599331,No
